,0,1,2,3,4,5,6
0,0.01,0.1,0.05,1181.9237401072173,5.050755292695561,1.1519772060093247,289550
1,0.01,0.25263157894736843,0.05,1170.940393850734,5.911011317529791,1.2256756972620684,250408
2,0.01,0.4052631578947369,0.05,1172.3057586298876,6.93622584444733,1.30866149765354,215644
3,0.01,0.5578947368421052,0.05,1194.5585650694838,8.1188797332788,1.3938604611112306,185812
4,0.01,0.7105263157894737,0.05,1200.0241810701477,9.520150157562696,1.4876925679273771,159619
5,0.01,0.8631578947368421,0.05,1232.6260368245805,10.955636338864426,1.570560901802745,139454
6,0.01,1.0157894736842106,0.05,1180.998844738605,12.580995418070344,1.6600273768247802,122001
7,0.01,1.168421052631579,0.05,1202.3243154610825,14.326701623551727,1.74525301742575,107542
8,0.01,1.3210526315789475,0.05,1189.2343342375764,16.18172609524208,1.8292113419333222,95504
9,0.01,1.473684210526316,0.05,1227.3190898823718,18.165346905518362,1.9124119253901075,85297
10,0.01,1.6263157894736844,0.05,1241.0856558747923,20.247363893597594,1.9922154127004825,76690
11,0.01,1.7789473684210528,0.05,1263.131559759735,22.34002667222039,2.0685405684902975,69623
12,0.01,1.931578947368421,0.05,1322.595292127761,24.722772404818205,2.156179079843202,63011
13,0.01,2.0842105263157893,0.05,1245.7433313977847,27.013438581299898,2.224131063505533,57743
14,0.01,2.236842105263158,0.05,1262.9180706853729,29.463159654352665,2.2958378929097014,53002
15,0.01,2.3894736842105266,0.05,1186.829832622892,31.891360885533565,2.3677820852887166,49010
16,0.01,2.542105263157895,0.05,1248.2057095572072,34.46056703233765,2.437659705700943,45396
17,0.01,2.694736842105263,0.05,1270.7364501239463,37.35534601894491,2.5161652072248337,41911
18,0.01,2.8473684210526318,0.05,1270.0012265688608,39.96629503303656,2.5725911375290185,39199
19,0.01,3.0,0.05,1272.5732807782802,42.768726290516206,2.6396649568918478,36652
20,0.01,0.1,0.125,1122.0929946208068,5.3065068958285115,1.1521240742883592,276544
21,0.01,0.25263157894736843,0.125,1096.751915555641,6.303161103472858,1.2257527922055877,235656
22,0.01,0.4052631578947369,0.125,1102.9798281983324,7.393033805663025,1.307981961112891,202895
23,0.01,0.5578947368421052,0.125,1099.3535939141177,8.664251738876349,1.3952720897454995,174538
24,0.01,0.7105263157894737,0.125,1112.8462101629598,10.1580546735331,1.4897337033380473,149908
25,0.01,0.8631578947368421,0.125,1142.9219107815047,11.679827206752085,1.5738051449546324,131041
26,0.01,1.0157894736842106,0.125,1127.5710443163669,13.384128249113976,1.6628932679664574,114839
27,0.01,1.168421052631579,0.125,1144.218898695287,15.204885786101528,1.7451946771808773,101450
28,0.01,1.3210526315789475,0.125,1120.85300535156,17.127322091323798,1.8307608840072633,90316
29,0.01,1.473684210526316,0.125,1160.8151619210673,19.213372407384462,1.9160574897782183,80710
30,0.01,1.6263157894736844,0.125,1177.9911971604047,21.340422902587765,1.9958381407614967,72804
31,0.01,1.7789473684210528,0.125,1156.2606889781184,23.55871021161939,2.069207713965669,66062
32,0.01,1.931578947368421,0.125,1140.6747805738296,25.94180857827635,2.1502613095436236,60082
33,0.01,2.0842105263157893,0.125,1134.677922005804,28.4355644417719,2.228739590735983,54879
34,0.01,2.236842105263158,0.125,1118.9757617859232,30.97292321113468,2.2993437357495488,50437
35,0.01,2.3894736842105266,0.125,1138.3412135544934,33.55120599532219,2.368409759028389,46603
36,0.01,2.542105263157895,0.125,1146.2783593861493,36.3200907023163,2.453395534512371,43086
37,0.01,2.694736842105263,0.125,1167.7023650063477,39.15177555,2.51795,40000
38,0.01,2.8473684210526318,0.125,1165.6193355477885,41.820424751127604,2.5758627131762255,37469
39,0.01,3.0,0.125,1153.677889403752,44.77935866678091,2.6418187530345874,35013
40,0.01,0.1,0.2,1064.631628236985,5.684351487248299,1.1524188510746594,259338
41,0.01,0.25263157894736843,0.2,1001.2035887541442,6.970950691173242,1.2258812984066367,214201
42,0.01,0.4052631578947369,0.2,983.3304917888534,8.226676915685804,1.30893367982006,183172
43,0.01,0.5578947368421052,0.2,979.0130183353974,9.654328826537101,1.3971089516929103,157244
44,0.01,0.7105263157894737,0.2,986.087747033219,11.276639803044395,1.4880926016152132,135462
45,0.01,0.8631578947368421,0.2,996.6322581551289,12.983937594112174,1.5754673885458084,118210
46,0.01,1.0157894736842106,0.2,997.049588363298,14.839919171683121,1.6638092944859137,103825
47,0.01,1.168421052631579,0.2,1039.2293810663582,16.80297208240474,1.7504919280317444,91985
48,0.01,1.3210526315789475,0.2,1034.1176259554222,18.872800925643993,1.833749467145728,82105
49,0.01,1.473684210526316,0.2,1057.8325792838023,21.1486025195778,1.918079673135853,73425
50,0.01,1.6263157894736844,0.2,1058.0333920517132,23.48840405519657,1.9988978803067818,66236
51,0.01,1.7789473684210528,0.2,1065.471175367954,25.860037542945346,2.075534016032929,60251
52,0.01,1.931578947368421,0.2,1051.1759955606087,28.376523491641958,2.1503719737344706,54977
53,0.01,2.0842105263157893,0.2,1014.1513308268544,31.001483773000654,2.229996625578118,50379
54,0.01,2.236842105263158,0.2,1006.902690056232,33.87021570623917,2.3043110918544194,46160
55,0.01,2.3894736842105266,0.2,1030.207088705363,36.64464687009672,2.3746048101917987,42701
56,0.01,2.542105263157895,0.2,999.02149891063,39.53777947785689,2.442912689996465,39606
57,0.01,2.694736842105263,0.2,911.6767656306162,42.72685341513292,2.5210361281526925,36675
58,0.01,2.8473684210526318,0.2,967.9010303771302,45.64278815755,2.584611801694274,34351
59,0.01,3.0,0.2,941.1721509085136,48.856826777539,2.6491326419383974,32109
60,0.01,0.1,0.27499999999999997,996.3080077751079,6.1750705207803795,1.153046427708283,239986
61,0.01,0.25263157894736843,0.27499999999999997,895.5175438226584,7.954427357257395,1.2252446297874142,188959
62,0.01,0.4052631578947369,0.27499999999999997,861.6346499932984,9.532547563352827,1.3094258944853172,159030
63,0.01,0.5578947368421052,0.27499999999999997,840.5018936940337,11.244494429544048,1.3980739190662854,135716
64,0.01,0.7105263157894737,0.27499999999999997,836.7325173987547,13.170146417873296,1.489507248367079,116509
65,0.01,0.8631578947368421,0.27499999999999997,847.7550540513737,15.158735270966979,1.5784859695383526,101636
66,0.01,1.0157894736842106,0.27499999999999997,839.97106311968,17.28078545877303,1.6678031658021821,89456
67,0.01,1.168421052631579,0.27499999999999997,871.9151705532946,19.615973489066615,1.755125025308767,79024
68,0.01,1.3210526315789475,0.27499999999999997,855.0519236088646,22.052756505074882,1.8411952587124707,70445
69,0.01,1.473684210526316,0.27499999999999997,893.0520763149353,24.65368587448918,1.9193619919536224,63134
70,0.01,1.6263157894736844,0.27499999999999997,851.9027359933359,27.267191869719603,1.9980234042925362,57169
71,0.01,1.7789473684210528,0.27499999999999997,861.8171386031834,30.041106622529306,2.0783694836313247,51959
72,0.01,1.931578947368421,0.27499999999999997,932.4062919497119,32.953191037536904,2.1538169548713624,47420
73,0.01,2.0842105263157893,0.27499999999999997,892.6789850829987,35.96743982524718,2.2320303518050126,43490
74,0.01,2.236842105263158,0.27499999999999997,879.5349236341079,39.13002849216465,2.3057909075004375,40011
75,0.01,2.3894736842105266,0.27499999999999997,858.1449106560591,42.36643284389281,2.382169222032936,36981
76,0.01,2.542105263157895,0.27499999999999997,790.7528967828204,45.40190726367007,2.4462465245597778,34528
77,0.01,2.694736842105263,0.27499999999999997,794.9549218701356,48.85097281051452,2.51874922137785,32108
78,0.01,2.8473684210526318,0.27499999999999997,765.4793391504289,52.34522590974283,2.585270671425236,29981
79,0.01,3.0,0.27499999999999997,749.7385522147977,55.87056378322599,2.649610361883073,28103
80,0.01,0.1,0.35,931.578317116428,6.738120073621516,1.1537685806151106,221131
81,0.01,0.25263157894736843,0.35,766.4881352270004,9.24564569892473,1.2265395894428153,163680
82,0.01,0.4052631578947369,0.35,708.8163647269266,11.425161484963954,1.3111566937916888,133579
83,0.01,0.5578947368421052,0.35,686.6413696129599,13.620495750004437,1.396775681862545,112706
84,0.01,0.7105263157894737,0.35,697.9952221018148,16.131537726179268,1.490042882543667,95610
85,0.01,0.8631578947368421,0.35,703.4623398322005,18.675479698830795,1.581464097397348,82877
86,0.01,1.0157894736842106,0.35,709.1735109680488,21.405329568335404,1.6725555095848847,72510
87,0.01,1.168421052631579,0.35,733.8760386889134,24.4432938782565,1.7627038747996606,63642
88,0.01,1.3210526315789475,0.35,716.2112588306557,27.47459091710447,1.8453510101900497,56722
89,0.01,1.473684210526316,0.35,699.5922916214746,30.87232372080144,1.9321189105797187,50559
90,0.01,1.6263157894736844,0.35,700.2293814598671,34.302045650074625,2.011390571503819,45564
91,0.01,1.7789473684210528,0.35,714.4214512162772,37.76920811104406,2.090790585395293,41425
92,0.01,1.931578947368421,0.35,720.3053999174437,41.42653344972621,2.1616273840700475,37803
93,0.01,2.0842105263157893,0.35,699.093930519532,45.213920234248796,2.237825986614355,34664
94,0.01,2.236842105263158,0.35,726.7725920536385,49.18981442684648,2.3146307040928336,31885
95,0.01,2.3894736842105266,0.35,703.8243318690077,53.05091369460126,2.3890335012339,29581
96,0.01,2.542105263157895,0.35,750.9532216918055,57.24232726941305,2.4511119212541015,27430
97,0.01,2.694736842105263,0.35,727.8801146527782,61.715134242162335,2.5165003535790054,25454
98,0.01,2.8473684210526318,0.35,702.1785093209844,65.77438983760254,2.574585635359116,23892
99,0.01,3.0,0.35,690.0676378706312,69.54471142275703,2.6397982657936647,22604
100,0.01,0.1,0.425,870.0774374523247,7.3936841401365045,1.154764078546718,202631
101,0.01,0.25263157894736843,0.425,669.2278748738495,10.916391669174658,1.2277971251271909,139554
102,0.01,0.4052631578947369,0.425,579.0004413232957,13.969155292555126,1.310830725565825,109928
103,0.01,0.5578947368421052,0.425,557.7182101013773,17.001764810185133,1.397900857938964,90799
104,0.01,0.7105263157894737,0.425,553.4954451895477,20.38062260528842,1.4901055842636057,76053
105,0.01,0.8631578947368421,0.425,548.3763655991822,23.870533173645338,1.578362276782287,65127
106,0.01,1.0157894736842106,0.425,518.9672089468845,27.559693362104035,1.6710766019915457,56539
107,0.01,1.168421052631579,0.425,549.057983772633,31.754331292710702,1.7594166937845754,49168
108,0.01,1.3210526315789475,0.425,510.24441373368967,36.16860236393495,1.8408160433002567,43233
109,0.01,1.473684210526316,0.425,547.3804660229782,41.00315972658706,1.9368845589775823,38184
110,0.01,1.6263157894736844,0.425,565.9852377651904,45.50876454872808,2.0154779881519342,34436
111,0.01,1.7789473684210528,0.425,593.9032641136608,50.73137470082153,2.0992302218772236,30918
112,0.01,1.931578947368421,0.425,570.7552012049748,55.51662812577371,2.16432638913451,28273
113,0.01,2.0842105263157893,0.425,599.2491855063246,60.5084580443828,2.235860687316998,25956
114,0.01,2.236842105263158,0.425,621.7333377601695,65.84726300129908,2.3072120018438587,23863
115,0.01,2.3894736842105266,0.425,606.6950564437759,71.04246357556038,2.3870209689081707,22128
116,0.01,2.542105263157895,0.425,604.8622474317987,76.56262473222979,2.4521421616358325,20540
117,0.01,2.694736842105263,0.425,602.908311915487,82.93913122100379,2.5171868409953606,18968
118,0.01,2.8473684210526318,0.425,593.9286646642449,87.99426712520271,2.5779231672538163,17883
119,0.01,3.0,0.425,593.4439409436968,94.54038756756755,2.640960960960961,16650
120,0.01,0.1,0.5,815.1025402583323,8.108407343975525,1.1545541696288157,185676
121,0.01,0.25263157894736843,0.5,576.563224397657,12.814045740480491,1.2280415579200963,119544
122,0.01,0.4052631578947369,0.5,495.93974019259485,17.05602064759885,1.308565052640882,90519
123,0.01,0.5578947368421052,0.5,455.88759237180307,21.40571271076524,1.39633523746447,72474
124,0.01,0.7105263157894737,0.5,410.14337852315396,26.178809981838974,1.4865305710634291,59468
125,0.01,0.8631578947368421,0.5,438.5542957996133,30.938489056304523,1.5781919111816018,50440
126,0.01,1.0157894736842106,0.5,426.9757473760621,36.25450768660004,1.6575695040230018,43127
127,0.01,1.168421052631579,0.5,422.69520154431666,42.24353938282262,1.7428247734138973,37072
128,0.01,1.3210526315789475,0.5,475.833917126375,49.178090763681986,1.8272855574721656,31885
129,0.01,1.473684210526316,0.5,488.70830742106654,56.17471838093193,1.9252022045666022,27942
130,0.01,1.6263157894736844,0.5,440.97066356316,62.98550593424218,2.001523656776263,24940
131,0.01,1.7789473684210528,0.5,450.74749224010685,69.91792896223477,2.073261865575375,22481
132,0.01,1.931578947368421,0.5,392.4279352261891,76.77303729740287,2.1504588947471195,20484
133,0.01,2.0842105263157893,0.5,425.69007475195235,83.62552352096955,2.2223994046669855,18813
134,0.01,2.236842105263158,0.5,423.2129162694322,90.21881368952076,2.300791102958037,17444
135,0.01,2.3894736842105266,0.5,456.1769630790727,99.09969453011897,2.3682885377982,15887
136,0.01,2.542105263157895,0.5,383.0636052845822,106.66655032511515,2.438702248713086,14764
137,0.01,2.694736842105263,0.5,371.8443060515964,115.0822263296318,2.5065751022793687,13688
138,0.01,2.8473684210526318,0.5,421.40942947775505,125.01812568436087,2.5651828929619933,12603
139,0.01,3.0,0.5,419.6965626395011,135.7335175264835,2.617862371888726,11611
140,0.025555555555555554,0.1,0.05,466.21573214079365,13.891283981503225,1.112633442314987,110722
141,0.025555555555555554,0.25263157894736843,0.05,392.14786511923535,18.228876820973856,1.2216469369984233,84982
142,0.025555555555555554,0.4052631578947369,0.05,344.17296317066484,23.63847843583903,1.3320273348519363,65850
143,0.025555555555555554,0.5578947368421052,0.05,264.1130489365817,30.125103530773682,1.4489870731236736,51830
144,0.025555555555555554,0.7105263157894737,0.05,190.359603451196,37.49821463297809,1.5684588672015327,41755
145,0.025555555555555554,0.8631578947368421,0.05,176.64100440935377,45.69319458120903,1.6835251274581209,34325
146,0.025555555555555554,1.0157894736842106,0.05,125.26837307018246,54.65763418029934,1.7995823181343544,28730
147,0.025555555555555554,1.168421052631579,0.05,62.495132386517184,64.27679353071072,1.9087265886971456,24454
148,0.025555555555555554,1.3210526315789475,0.05,96.05874326111179,74.40892838560143,2.0059126815193227,21141
149,0.025555555555555554,1.473684210526316,0.05,41.691737600383085,85.73630362784617,2.1233794530994663,18358
150,0.025555555555555554,1.6263157894736844,0.05,29.835641629211633,97.13570725388603,2.2112015790772266,16212
151,0.025555555555555554,1.7789473684210528,0.05,15.914050296803744,108.70188573794245,2.305595804871317,14493
152,0.025555555555555554,1.931578947368421,0.05,24.14179383197792,120.92260354484769,2.377579989258037,13033
153,0.025555555555555554,2.0842105263157893,0.05,-6.441468177912175,133.407750084631,2.4662322274881516,11816
154,0.025555555555555554,2.236842105263158,0.05,125.17104913683166,148.12422921559417,2.5607327383748237,10645
155,0.025555555555555554,2.3894736842105266,0.05,-20.406872823123777,162.08724707091469,2.6485097636176773,9730
156,0.025555555555555554,2.542105263157895,0.05,-94.00241785964037,176.3579360465116,2.725067084078712,8944
157,0.025555555555555554,2.694736842105263,0.05,-70.18414312488639,190.57301836192318,2.7821937666102925,8278
158,0.025555555555555554,2.8473684210526318,0.05,-110.1810682589873,205.25041498634056,2.8565109925848837,7687
159,0.025555555555555554,3.0,0.05,17.094199658321198,219.76683830083567,2.9193593314763233,7180
160,0.025555555555555554,0.1,0.125,439.32652778367446,14.655243837416332,1.1132544344895219,105029
161,0.025555555555555554,0.25263157894736843,0.125,379.34517409407096,19.23957697032873,1.2176513656726604,80583
162,0.025555555555555554,0.4052631578947369,0.125,315.8742154666303,24.912107361080004,1.3305927892766882,62518
163,0.025555555555555554,0.5578947368421052,0.125,261.94716146886515,31.752600597427403,1.4508138424336023,49211
164,0.025555555555555554,0.7105263157894737,0.125,195.82664905691345,39.43937363384538,1.5695794510198942,39710
165,0.025555555555555554,0.8631578947368421,0.125,191.55493334131558,47.94367758794584,1.6802775145939668,32719
166,0.025555555555555554,1.0157894736842106,0.125,98.55544042450254,57.0725660452778,1.793161088702351,27519
167,0.025555555555555554,1.168421052631579,0.125,39.07590454515441,66.9491092326037,1.9030746955114557,23482
168,0.025555555555555554,1.3210526315789475,0.125,12.088439530195803,77.64418832354538,2.016187139120565,20263
169,0.025555555555555554,1.473684210526316,0.125,45.31047134788585,89.1731775335637,2.113351838214468,17653
170,0.025555555555555554,1.6263157894736844,0.125,34.10959699762418,100.59957010539763,2.2121366975407217,15655
171,0.025555555555555554,1.7789473684210528,0.125,-61.98685172919281,113.24067562711133,2.305757205491267,13913
172,0.025555555555555554,1.931578947368421,0.125,-105.74400557376647,126.0773428,2.39088,12500
173,0.025555555555555554,2.0842105263157893,0.125,-3.813834572066006,139.76757912935543,2.4778792446138844,11279
174,0.025555555555555554,2.236842105263158,0.125,6.0813435224016335,153.80367030823254,2.5671088568084275,10252
175,0.025555555555555554,2.3894736842105266,0.125,-24.959584190457832,168.42110230670653,2.6460914139256726,9364
176,0.025555555555555554,2.542105263157895,0.125,-4.8796658751406286,182.77568111239862,2.7092699884125144,8630
177,0.025555555555555554,2.694736842105263,0.125,-46.98719812105824,196.48113949433306,2.7709552870843193,8029
178,0.025555555555555554,2.8473684210526318,0.125,6.179843978931448,211.92556091336468,2.8311618535930156,7445
179,0.025555555555555554,3.0,0.125,-33.88167040000058,227.63665219272937,2.9088286208886323,6932
180,0.025555555555555554,0.1,0.2,406.52048173796516,15.955399927626138,1.1128205128205129,96720
181,0.025555555555555554,0.25263157894736843,0.2,351.46389314837904,21.134703937608034,1.2143566849505247,73471
182,0.025555555555555554,0.4052631578947369,0.2,297.4365646144435,27.302068518096974,1.3284421019454027,57109
183,0.025555555555555554,0.5578947368421052,0.2,225.7739071283518,34.62789983608736,1.4470827980330483,45146
184,0.025555555555555554,0.7105263157894737,0.2,141.72727606959083,42.95353652185829,1.564697821022338,36485
185,0.025555555555555554,0.8631578947368421,0.2,70.73265978000043,52.307680107974804,1.684873529509781,30007
186,0.025555555555555554,1.0157894736842106,0.2,92.10905832946308,62.07293635932685,1.7877064075215297,25314
187,0.025555555555555554,1.168421052631579,0.2,33.839270907364266,72.42989383750921,1.8939296241709653,21712
188,0.025555555555555554,1.3210526315789475,0.2,-1.8153344592526366,83.67714340405168,1.994523315786675,18807
189,0.025555555555555554,1.473684210526316,0.2,-26.764089166953827,95.96495483910287,2.10171867381765,16408
190,0.025555555555555554,1.6263157894736844,0.2,-54.24966826999871,108.10474469837347,2.1952508407110014,14571
191,0.025555555555555554,1.7789473684210528,0.2,-35.92696252343387,121.95579286322469,2.294140413344686,12919
192,0.025555555555555554,1.931578947368421,0.2,-46.871644465327364,135.5617885773267,2.382246688456907,11626
193,0.025555555555555554,2.0842105263157893,0.2,-12.272375217244866,149.82270186276375,2.4692073750237595,10522
194,0.025555555555555554,2.236842105263158,0.2,13.769670026658613,164.12473935671906,2.546996981367753,9607
195,0.025555555555555554,2.3894736842105266,0.2,4.629667140543939,179.34934834527462,2.628113271920846,8793
196,0.025555555555555554,2.542105263157895,0.2,-68.51036803384594,194.0626901217862,2.708697256735146,8129
197,0.025555555555555554,2.694736842105263,0.2,-15.002580397165428,210.08672090545934,2.778695073235686,7510
198,0.025555555555555554,2.8473684210526318,0.2,-43.13132077749308,225.48125278651042,2.829379822806516,6998
199,0.025555555555555554,3.0,0.2,-7.711388468307616,244.0241591155095,2.911087057368177,6467
200,0.025555555555555554,0.1,0.27499999999999997,362.52963989060913,17.79395194752891,1.1144122892813992,86905
201,0.025555555555555554,0.25263157894736843,0.27499999999999997,295.61398236584216,24.15538429880416,1.2148159652119894,64390
202,0.025555555555555554,0.4052631578947369,0.27499999999999997,242.13728984346028,31.38870798914682,1.3280474324188525,49755
203,0.025555555555555554,0.5578947368421052,0.27499999999999997,200.39299308584228,39.80904260836405,1.4464726070929197,39335
204,0.025555555555555554,0.7105263157894737,0.27499999999999997,102.41207655627751,49.45464158259774,1.5640290037831022,31720
205,0.025555555555555554,0.8631578947368421,0.27499999999999997,52.68800866961055,60.07277575525813,1.6905544933078394,26150
206,0.025555555555555554,1.0157894736842106,0.27499999999999997,53.54842171979584,71.08582789961565,1.7997739091114628,22115
207,0.025555555555555554,1.168421052631579,0.27499999999999997,39.73781299161982,83.30434300540081,1.9028380811182888,18886
208,0.025555555555555554,1.3210526315789475,0.27499999999999997,26.107036630059397,96.2300152793057,2.0096565212076762,16362
209,0.025555555555555554,1.473684210526316,0.27499999999999997,41.649942925601,109.98255107170284,2.111429169866648,14323
210,0.025555555555555554,1.6263157894736844,0.27499999999999997,-5.662592831578376,123.45802922281418,2.2071450955813225,12764
211,0.025555555555555554,1.7789473684210528,0.27499999999999997,-23.30677714651138,138.41599437955563,2.2995521208395537,11387
212,0.025555555555555554,1.931578947368421,0.27499999999999997,-47.608654185437636,153.49405014117417,2.378054717164833,10271
213,0.025555555555555554,2.0842105263157893,0.27499999999999997,5.916094447882746,169.21278109239188,2.464534821332761,9319
214,0.025555555555555554,2.236842105263158,0.27499999999999997,28.145333979910642,187.2945501721886,2.5682223013893837,8421
215,0.025555555555555554,2.3894736842105266,0.27499999999999997,57.58312368933401,202.54495634869687,2.6405186801900116,7789
216,0.025555555555555554,2.542105263157895,0.27499999999999997,155.11430025086602,220.92522430691685,2.71534584150098,7142
217,0.025555555555555554,2.694736842105263,0.27499999999999997,94.81846791308742,238.4452413115745,2.7861891810214567,6618
218,0.025555555555555554,2.8473684210526318,0.27499999999999997,32.31789997365634,255.45226205891876,2.848009064422143,6178
219,0.025555555555555554,3.0,0.27499999999999997,46.7479021655564,274.20857870048644,2.92911744266852,5756
220,0.025555555555555554,0.1,0.35,315.8294186775904,20.0618396308234,1.115361215745667,77253
221,0.025555555555555554,0.25263157894736843,0.35,258.50962297023995,28.82161362460264,1.219061876247505,54108
222,0.025555555555555554,0.4052631578947369,0.35,214.9497290425602,38.3513888834428,1.3365356337613958,40804
223,0.025555555555555554,0.5578947368421052,0.35,157.54264989591198,49.141526414739616,1.455568089239832,31914
224,0.025555555555555554,0.7105263157894737,0.35,102.79162524833679,60.94173777932961,1.5715782122905029,25776
225,0.025555555555555554,0.8631578947368421,0.35,37.73058461708474,73.73321770525624,1.6873446804520091,21327
226,0.025555555555555554,1.0157894736842106,0.35,78.38846795058257,87.6261828507795,1.7978285077951002,17960
227,0.025555555555555554,1.168421052631579,0.35,94.17313124015516,102.46579220356631,1.9141611349733176,15366
228,0.025555555555555554,1.3210526315789475,0.35,47.91579717168957,119.10053155945272,2.016781313780331,13229
229,0.025555555555555554,1.473684210526316,0.35,40.253682479477234,136.27098867467797,2.114031295928071,11567
230,0.025555555555555554,1.6263157894736844,0.35,76.07931771745254,153.4798476589117,2.223595833738927,10273
231,0.025555555555555554,1.7789473684210528,0.35,93.79094236269844,171.83526029636084,2.3134669862715187,9178
232,0.025555555555555554,1.931578947368421,0.35,49.34828443062413,191.36606429697923,2.3913623680698777,8243
233,0.025555555555555554,2.0842105263157893,0.35,26.029160663858818,209.8797509644805,2.4762538246640946,7517
234,0.025555555555555554,2.236842105263158,0.35,37.861445240969125,229.88257182400932,2.554924242424242,6864
235,0.025555555555555554,2.3894736842105266,0.35,14.464879986671262,253.23357268934532,2.6389602053915278,6232
236,0.025555555555555554,2.542105263157895,0.35,-28.212441335673553,276.26932224750567,2.7393663574304217,5713
237,0.025555555555555554,2.694736842105263,0.35,29.337300134022207,294.3793360686311,2.8013800820589334,5362
238,0.025555555555555554,2.8473684210526318,0.35,124.49194803857294,321.0539235306081,2.904413260117958,4917
239,0.025555555555555554,3.0,0.35,201.71474312793094,340.90500950118764,2.9788382638738935,4631
240,0.025555555555555554,0.1,0.425,279.08926793082054,22.81812614557631,1.1160116320056397,68088
241,0.025555555555555554,0.25263157894736843,0.425,213.0412097117172,35.11720486610352,1.220255212077642,44512
242,0.025555555555555554,0.4052631578947369,0.425,171.5712970185669,48.14535861454847,1.335892160776246,32567
243,0.025555555555555554,0.5578947368421052,0.425,141.39065350996722,63.08662163681632,1.4492008674002088,24902
244,0.025555555555555554,0.7105263157894737,0.425,93.61328187844116,79.41064519386107,1.5663873182552503,19808
245,0.025555555555555554,0.8631578947368421,0.425,50.141645670850366,95.98197671015731,1.6791854651871723,16402
246,0.025555555555555554,1.0157894736842106,0.425,77.70399750638403,114.96028251350168,1.778864399357758,13702
247,0.025555555555555554,1.168421052631579,0.425,44.82513026050469,135.35139211475692,1.8982133654011337,11642
248,0.025555555555555554,1.3210526315789475,0.425,59.48564946815431,158.24765311653115,2.009133795041654,9963
249,0.025555555555555554,1.473684210526316,0.425,78.57068417981897,182.02679434506635,2.0986728216964803,8665
250,0.025555555555555554,1.6263157894736844,0.425,126.84059082498734,207.8576670619236,2.189064558629776,7590
251,0.025555555555555554,1.7789473684210528,0.425,104.696466142906,231.08782469244287,2.2640597539543057,6828
252,0.025555555555555554,1.931578947368421,0.425,104.54203185752895,253.63898842815811,2.354066216650595,6222
253,0.025555555555555554,2.0842105263157893,0.425,134.66532369045598,282.6119142345569,2.4415398388540734,5585
254,0.025555555555555554,2.236842105263158,0.425,106.85857326100228,311.1074168309026,2.554394954670871,5074
255,0.025555555555555554,2.3894736842105266,0.425,93.85120367838707,339.8784615715823,2.660279870828848,4645
256,0.025555555555555554,2.542105263157895,0.425,85.56624756028513,371.76365434424304,2.7414645632210974,4247
257,0.025555555555555554,2.694736842105263,0.425,88.8980980509786,397.3248301459487,2.800704579768495,3974
258,0.025555555555555554,2.8473684210526318,0.425,79.03246814899316,429.5609858541893,2.9192056583242656,3676
259,0.025555555555555554,3.0,0.425,120.46480694406776,457.59309127789044,2.9747899159663866,3451
260,0.025555555555555554,0.1,0.5,247.6106336531457,25.8750135112677,1.114322276141727,60172
261,0.025555555555555554,0.25263157894736843,0.5,179.12776878638564,42.929671728939944,1.2218810822665096,36479
262,0.025555555555555554,0.4052631578947369,0.5,123.49113115699352,61.57629465265799,1.3408734514662066,25508
263,0.025555555555555554,0.5578947368421052,0.5,112.19837373342477,83.24304724867726,1.4467724867724867,18900
264,0.025555555555555554,0.7105263157894737,0.5,65.23443554087261,105.16949939895821,1.5652464271403768,14974
265,0.025555555555555554,0.8631578947368421,0.5,42.5097241384529,130.91445647117462,1.6859112809436783,12038
266,0.025555555555555554,1.0157894736842106,0.5,61.929996646780815,157.26942793017457,1.772069825436409,10025
267,0.025555555555555554,1.168421052631579,0.5,46.08174469517979,186.85474292145483,1.8857955218576,8441
268,0.025555555555555554,1.3210526315789475,0.5,80.3929167399212,218.9783990284525,1.9833448993754337,7205
269,0.025555555555555554,1.473684210526316,0.5,65.77437801979049,254.08229689260992,2.1065850909676382,6211
270,0.025555555555555554,1.6263157894736844,0.5,53.4707063878215,288.2906732420092,2.2042009132420093,5475
271,0.025555555555555554,1.7789473684210528,0.5,5.538688765673536,322.825408793456,2.3,4890
272,0.025555555555555554,1.931578947368421,0.5,28.047672672808524,362.52548564867965,2.4050516647531572,4355
273,0.025555555555555554,2.0842105263157893,0.5,58.84027503450994,410.13194987012986,2.496103896103896,3850
274,0.025555555555555554,2.236842105263158,0.5,58.92164095552454,454.8243752880184,2.5933179723502304,3472
275,0.025555555555555554,2.3894736842105266,0.5,91.9340938959145,501.83037273593897,2.684779154750556,3147
276,0.025555555555555554,2.542105263157895,0.5,68.77737339569771,542.9188415262978,2.746992093502922,2909
277,0.025555555555555554,2.694736842105263,0.5,76.51767832951222,581.9547328666175,2.8360353721444365,2714
278,0.025555555555555554,2.8473684210526318,0.5,114.90737566708614,620.6226055009823,2.8888015717092337,2545
279,0.025555555555555554,3.0,0.5,83.3958023887817,648.145155519081,2.917521542880591,2437
280,0.041111111111111105,0.1,0.05,241.44488986222825,27.252378792120087,1.1011756884425628,57158
281,0.041111111111111105,0.25263157894736843,0.05,180.30826038300634,37.94691970519783,1.2227744375484872,41248
282,0.041111111111111105,0.4052631578947369,0.05,131.07025017452602,51.39720593728496,1.3436220059634982,30519
283,0.041111111111111105,0.5578947368421052,0.05,92.56235650705808,67.06684756175605,1.4697726012201886,23439
284,0.041111111111111105,0.7105263157894737,0.05,31.760697188304945,85.31431128341376,1.601095266496774,18443
285,0.041111111111111105,0.8631578947368421,0.05,-42.15526555764964,105.43554849722203,1.7262199611754467,14939
286,0.041111111111111105,1.0157894736842106,0.05,-43.97411801505143,125.82478053648413,1.8167012613763371,12526
287,0.041111111111111105,1.168421052631579,0.05,-38.251176253791044,150.4277690398931,1.9472227524336705,10478
288,0.041111111111111105,1.3210526315789475,0.05,-168.74970448599015,176.6893387114846,2.081456582633053,8925
289,0.041111111111111105,1.473684210526316,0.05,-99.38683563679503,200.57639725330623,2.1590793489318414,7864
290,0.041111111111111105,1.6263157894736844,0.05,-99.01317658063392,230.0053471797114,2.2677452266433464,6861
291,0.041111111111111105,1.7789473684210528,0.05,-56.62655031779479,256.8618811848958,2.3478190104166665,6144
292,0.041111111111111105,1.931578947368421,0.05,-53.498508347512484,287.6104734731085,2.438468550592525,5485
293,0.041111111111111105,2.0842105263157893,0.05,-71.70714494907396,322.006050397878,2.541726178330953,4901
294,0.041111111111111105,2.236842105263158,0.05,-174.0663927698323,353.84741797400267,2.629314208874944,4462
295,0.041111111111111105,2.3894736842105266,0.05,-137.01691231614828,391.29100916976455,2.7201982651796777,4035
296,0.041111111111111105,2.542105263157895,0.05,-148.7369095576608,423.1302848338692,2.7960878885316185,3732
297,0.041111111111111105,2.694736842105263,0.05,-97.56173886470481,460.27897435150106,2.8732148061789564,3431
298,0.041111111111111105,2.8473684210526318,0.05,-159.53987297447597,490.90511874417166,2.911408144233758,3217
299,0.041111111111111105,3.0,0.05,-146.74072241319783,532.319089652848,3.027974384900573,2967
300,0.041111111111111105,0.1,0.125,221.29945944416914,28.513768760524197,1.1029723991507432,54636
301,0.041111111111111105,0.25263157894736843,0.125,167.4185102809307,39.84608616606829,1.223588725078298,39273
302,0.041111111111111105,0.4052631578947369,0.125,127.75276500352292,53.746815494742606,1.342946193102031,29197
303,0.041111111111111105,0.5578947368421052,0.125,69.26185876938274,70.14117069688588,1.4641741768537522,22414
304,0.041111111111111105,0.7105263157894737,0.125,12.323152985978476,89.01418975171087,1.6018890334257112,17681
305,0.041111111111111105,0.8631578947368421,0.125,-23.570980158118886,109.41876555987776,1.7154070575159766,14396
306,0.041111111111111105,1.0157894736842106,0.125,9.499075359070767,131.46238163163162,1.8252419085752418,11988
307,0.041111111111111105,1.168421052631579,0.125,-49.07182360960121,155.56123598499804,1.9421634425582313,10132
308,0.041111111111111105,1.3210526315789475,0.125,-114.77318928454433,181.9168907727797,2.0589388696655133,8670
309,0.041111111111111105,1.473684210526316,0.125,-163.2601806354257,208.77646711658068,2.1544263596665343,7557
310,0.041111111111111105,1.6263157894736844,0.125,-169.97800839610545,237.2421566681702,2.25935949481281,6651
311,0.041111111111111105,1.7789473684210528,0.125,-144.50106617127338,269.96255029079714,2.369825521724256,5846
312,0.041111111111111105,1.931578947368421,0.125,-190.40013471631477,299.11098256585177,2.4652264544248625,5277
313,0.041111111111111105,2.0842105263157893,0.125,-109.17562221503195,332.0154013462348,2.541018090029449,4754
314,0.041111111111111105,2.236842105263158,0.125,-96.22510432249483,363.1686215780998,2.6073153899240857,4347
315,0.041111111111111105,2.3894736842105266,0.125,-153.29250870661372,398.0356636409481,2.70398386283409,3966
316,0.041111111111111105,2.542105263157895,0.125,-270.0739639314002,428.5263831750339,2.7720488466757125,3685
317,0.041111111111111105,2.694736842105263,0.125,-329.550394009062,464.06038995004405,2.862768145753747,3403
318,0.041111111111111105,2.8473684210526318,0.125,-251.95201333721715,501.5633106734435,2.942503176620076,3148
319,0.041111111111111105,3.0,0.125,-229.45769490176107,539.7749056732741,2.996582365003418,2926
320,0.041111111111111105,0.1,0.2,212.0900419494216,30.914702052146325,1.1010607712897789,50435
321,0.041111111111111105,0.25263157894736843,0.2,161.03209783475984,43.386093910247524,1.2208054993486155,36077
322,0.041111111111111105,0.4052631578947369,0.2,110.02492150866237,58.54470593280382,1.34575082969758,26817
323,0.041111111111111105,0.5578947368421052,0.2,72.43511258111128,75.74442546120129,1.4638023216608063,20761
324,0.041111111111111105,0.7105263157894737,0.2,23.167789423371747,95.61567800315802,1.5857524596137496,16466
325,0.041111111111111105,0.8631578947368421,0.2,9.332587339911921,117.16404619504573,1.7105556795358179,13443
326,0.041111111111111105,1.0157894736842106,0.2,-34.28141681844962,141.6169126684636,1.835130278526505,11130
327,0.041111111111111105,1.168421052631579,0.2,-57.64561279269338,166.76438751983076,1.9397144368059227,9455
328,0.041111111111111105,1.3210526315789475,0.2,-74.23304977403004,194.8797641754169,2.060037059913527,8095
329,0.041111111111111105,1.473684210526316,0.2,-123.81405070169997,222.39810147991548,2.1591261451726567,7095
330,0.041111111111111105,1.6263157894736844,0.2,-39.627122647724754,252.02505190035131,2.2438518045352924,6262
331,0.041111111111111105,1.7789473684210528,0.2,-59.420495524183494,286.1514918419144,2.3593183466279912,5516
332,0.041111111111111105,1.931578947368421,0.2,-96.60947599374687,323.69739860570024,2.503998359647324,4877
333,0.041111111111111105,2.0842105263157893,0.2,-112.437208325471,356.9636746552114,2.5812796744291204,4423
334,0.041111111111111105,2.236842105263158,0.2,-132.21475930085194,391.94310700099305,2.673038728897716,4028
335,0.041111111111111105,2.3894736842105266,0.2,-63.16953754256046,426.0666170040486,2.72442645074224,3705
336,0.041111111111111105,2.542105263157895,0.2,-34.41831381529673,465.1539157584683,2.7758468335787922,3395
337,0.041111111111111105,2.694736842105263,0.2,-143.84543105812529,502.15636216216217,2.8410174880763117,3145
338,0.041111111111111105,2.8473684210526318,0.2,-149.76976209752308,547.2494154539155,2.968121968121968,2886
339,0.041111111111111105,3.0,0.2,-184.94658777288657,584.4523723168023,3.005181347150259,2702
340,0.041111111111111105,0.1,0.27499999999999997,184.97605725918422,34.56971197962799,1.100132860938884,45160
341,0.041111111111111105,0.25263157894736843,0.27499999999999997,138.88502560448063,49.419881187494084,1.2196422374357194,31697
342,0.041111111111111105,0.4052631578947369,0.27499999999999997,95.85729041765772,67.09266369034903,1.349895330456701,23407
343,0.041111111111111105,0.5578947368421052,0.27499999999999997,67.0542156128159,86.88765913859746,1.4682495858641635,18110
344,0.041111111111111105,0.7105263157894737,0.27499999999999997,6.5973201445488865,109.18317956184137,1.5946339434276207,14424
345,0.041111111111111105,0.8631578947368421,0.27499999999999997,-26.726853012157115,134.05743080717872,1.7148081993705877,11757
346,0.041111111111111105,1.0157894736842106,0.27499999999999997,9.173082383918107,160.54288334182377,1.8268976057055528,9815
347,0.041111111111111105,1.168421052631579,0.27499999999999997,-72.32942217511577,189.80968986274982,1.95196243679268,8306
348,0.041111111111111105,1.3210526315789475,0.27499999999999997,-75.97832617175303,220.39791758625503,2.075289844950412,7159
349,0.041111111111111105,1.473684210526316,0.27499999999999997,-141.4050923391934,253.07308883899938,2.194194996792816,6236
350,0.041111111111111105,1.6263157894736844,0.27499999999999997,-111.24671281802023,284.7547750315714,2.2850441998917552,5543
351,0.041111111111111105,1.7789473684210528,0.27499999999999997,-191.4518458221702,320.9586373805166,2.3823469595281677,4917
352,0.041111111111111105,1.931578947368421,0.27499999999999997,-190.72649168192675,356.6060942159964,2.475598734749209,4426
353,0.041111111111111105,2.0842105263157893,0.27499999999999997,-129.24016950646467,396.1707096612296,2.578168130489335,3985
354,0.041111111111111105,2.236842105263158,0.27499999999999997,-132.63809644074712,431.0267199017199,2.638001638001638,3663
355,0.041111111111111105,2.3894736842105266,0.27499999999999997,-112.75278573025196,474.66920979861743,2.743312293357379,3327
356,0.041111111111111105,2.542105263157895,0.27499999999999997,-54.94589737039097,515.2708694942904,2.809135399673736,3065
357,0.041111111111111105,2.694736842105263,0.27499999999999997,-119.9576053950068,557.6937556497176,2.8986581920903953,2832
358,0.041111111111111105,2.8473684210526318,0.27499999999999997,-172.12101629491744,612.6678995345229,2.9903025601241273,2578
359,0.041111111111111105,3.0,0.27499999999999997,-156.0971982194827,646.8057542997544,3.0364455364455365,2442
360,0.041111111111111105,0.1,0.35,164.84417722927626,39.477342448804386,1.0996136656313915,39603
361,0.041111111111111105,0.25263157894736843,0.35,108.52499529817938,59.03010342494078,1.224444527989774,26599
362,0.041111111111111105,0.4052631578947369,0.35,87.70847126601325,81.0748193957517,1.3475974427717055,19396
363,0.041111111111111105,0.5578947368421052,0.35,47.42108753441336,105.40586364549166,1.479483231809358,14939
364,0.041111111111111105,0.7105263157894737,0.35,-0.6726475504022171,134.16086497531074,1.609739485782394,11746
365,0.041111111111111105,0.8631578947368421,0.35,-4.023915993020887,164.75408495297805,1.7327063740856845,9570
366,0.041111111111111105,1.0157894736842106,0.35,17.369094170374794,198.97805323577646,1.8463479248139272,7927
367,0.041111111111111105,1.168421052631579,0.35,22.39986407717,232.04456125900867,1.950433887336373,6799
368,0.041111111111111105,1.3210526315789475,0.35,-18.546709148043846,276.2722809382111,2.0915455977594957,5713
369,0.041111111111111105,1.473684210526316,0.35,-98.35171917052247,310.6252831562377,2.176505312868949,5082
370,0.041111111111111105,1.6263157894736844,0.35,-43.905097567946676,353.51251030004477,2.304523063143753,4466
371,0.041111111111111105,1.7789473684210528,0.35,-109.87094523469163,394.44555333499875,2.4021983512365725,4003
372,0.041111111111111105,1.931578947368421,0.35,-70.32891400994424,445.82862507058155,2.487577639751553,3542
373,0.041111111111111105,2.0842105263157893,0.35,-8.817736240079098,489.9913329196401,2.592305305615886,3223
374,0.041111111111111105,2.236842105263158,0.35,-46.966088224898876,553.5863378899405,2.6943568173852084,2853
375,0.041111111111111105,2.3894736842105266,0.35,-25.280444162613968,585.3891942179392,2.7205337286879168,2698
376,0.041111111111111105,2.542105263157895,0.35,-26.455287145337312,643.1113546416938,2.7862377850162865,2456
377,0.041111111111111105,2.694736842105263,0.35,3.135142125960218,684.974892888118,2.8564614050303554,2306
378,0.041111111111111105,2.8473684210526318,0.35,-72.4908013072525,741.6035455399061,2.9676056338028167,2130
379,0.041111111111111105,3.0,0.35,-58.871549058600976,791.4276558116231,3.0536072144288577,1996
380,0.041111111111111105,0.1,0.425,141.57482743879538,45.55033687087489,1.1008344721309569,34393
381,0.041111111111111105,0.25263157894736843,0.425,89.93379721205862,72.63257541589648,1.2277726432532348,21640
382,0.041111111111111105,0.4052631578947369,0.425,48.72921767363768,102.55762345276874,1.3508794788273615,15350
383,0.041111111111111105,0.5578947368421052,0.425,47.6584234423726,135.72523951064014,1.4698027052640648,11607
384,0.041111111111111105,0.7105263157894737,0.425,59.99985385137229,176.49488111496697,1.5900593305720363,8933
385,0.041111111111111105,0.8631578947368421,0.425,29.494114959032512,213.28523228772312,1.6982152514872904,7396
386,0.041111111111111105,1.0157894736842106,0.425,59.22647608225125,259.05967235718975,1.8156598818122127,6092
387,0.041111111111111105,1.168421052631579,0.425,49.35705657136533,310.1220176817289,1.9430255402750491,5090
388,0.041111111111111105,1.3210526315789475,0.425,12.808349712398824,368.7651114225648,2.0761504321420228,4281
389,0.041111111111111105,1.473684210526316,0.425,-3.2267053496878813,419.69052286018075,2.20414673046252,3762
390,0.041111111111111105,1.6263157894736844,0.425,-44.115925052538614,481.0317983551629,2.3100822418519646,3283
391,0.041111111111111105,1.7789473684210528,0.425,51.572106137842525,531.2262398250925,2.3921964345778677,2973
392,0.041111111111111105,1.931578947368421,0.425,132.66375112218603,600.3267483846447,2.508171797795515,2631
393,0.041111111111111105,2.0842105263157893,0.425,103.0554626906783,646.2887974631751,2.5810147299509003,2444
394,0.041111111111111105,2.236842105263158,0.425,63.162009693476506,687.6718937744884,2.6464954288202,2297
395,0.041111111111111105,2.3894736842105266,0.425,131.43376359333158,755.8172588516746,2.7507177033492822,2090
396,0.041111111111111105,2.542105263157895,0.425,167.387533744799,814.2865061855671,2.7922680412371133,1940
397,0.041111111111111105,2.694736842105263,0.425,89.858890227655,880.5832413600891,2.8612040133779266,1794
398,0.041111111111111105,2.8473684210526318,0.425,132.18741404730702,960.3776358662612,2.937386018237082,1645
399,0.041111111111111105,3.0,0.425,23.727507687729357,992.359658919598,3.0295226130653266,1592
400,0.041111111111111105,0.1,0.5,118.72559931721291,52.456013651877136,1.1040955631399318,29886
401,0.041111111111111105,0.25263157894736843,0.5,84.25365081473092,90.00194893349344,1.2206210327671985,17487
402,0.041111111111111105,0.4052631578947369,0.5,51.394469402272755,133.4081718591263,1.3430409752793768,11812
403,0.041111111111111105,0.5578947368421052,0.5,31.758003853438765,181.60045860679332,1.4770293609671847,8685
404,0.041111111111111105,0.7105263157894737,0.5,45.71093142959878,236.1144331886877,1.5974861589106688,6683
405,0.041111111111111105,0.8631578947368421,0.5,29.08405019713257,295.46542119056534,1.7207038562336203,5342
406,0.041111111111111105,1.0157894736842106,0.5,-6.56162896020603,359.5477975404236,1.8282851286722843,4391
407,0.041111111111111105,1.168421052631579,0.5,31.710384950471195,428.1616960412147,1.961767895878525,3688
408,0.041111111111111105,1.3210526315789475,0.5,17.59173750235271,509.60930235559863,2.090029041626331,3099
409,0.041111111111111105,1.473684210526316,0.5,48.195078852459496,596.2384009060023,2.22083805209513,2649
410,0.041111111111111105,1.6263157894736844,0.5,45.09660213858811,661.7213808127357,2.288227901131127,2387
411,0.041111111111111105,1.7789473684210528,0.5,-31.80164610634584,742.9992775164629,2.422859830667921,2126
412,0.041111111111111105,1.931578947368421,0.5,6.357976639608779,812.0912704370181,2.4997429305912595,1945
413,0.041111111111111105,2.0842105263157893,0.5,22.17225601555042,902.1209982866933,2.605939463163906,1751
414,0.041111111111111105,2.236842105263158,0.5,25.371648672164525,988.5287947434292,2.665206508135169,1598
415,0.041111111111111105,2.3894736842105266,0.5,41.045532652597274,1078.3017645051195,2.759726962457338,1465
416,0.041111111111111105,2.542105263157895,0.5,49.45946127279896,1156.4719743777455,2.769399707174231,1366
417,0.041111111111111105,2.694736842105263,0.5,7.3757515934597455,1217.081716486903,2.830508474576271,1298
418,0.041111111111111105,2.8473684210526318,0.5,-13.992541403297182,1274.0228943548386,2.8685483870967743,1240
419,0.041111111111111105,3.0,0.5,-8.940949052701777,1351.4202771599657,3.011120615911035,1169
420,0.056666666666666664,0.1,0.05,145.44291302830692,45.186280802126674,1.1015661118816458,34608
421,0.056666666666666664,0.25263157894736843,0.05,111.70987764200827,65.45172106973256,1.227026576689161,24006
422,0.056666666666666664,0.4052631578947369,0.05,60.78403196793825,89.99099588124248,1.3589039528631086,17481
423,0.056666666666666664,0.5578947368421052,0.05,27.615922082394352,118.77763569165785,1.479634937396289,13258
424,0.056666666666666664,0.7105263157894737,0.05,4.833080069167653,151.9527934992284,1.6114969135802468,10368
425,0.056666666666666664,0.8631578947368421,0.05,-25.71917108791668,190.71965602322206,1.7507256894049348,8268
426,0.056666666666666664,1.0157894736842106,0.05,-155.66903521193504,228.50071112076458,1.862148856067188,6906
427,0.056666666666666664,1.168421052631579,0.05,-89.34389838412493,270.96781841607975,1.9756055660539427,5821
428,0.056666666666666664,1.3210526315789475,0.05,-131.35495850530222,319.05308796764405,2.0885743174924167,4945
429,0.056666666666666664,1.473684210526316,0.05,-142.39452925718032,362.9531478840846,2.1821527138914445,4348
430,0.056666666666666664,1.6263157894736844,0.05,-162.78890436557398,418.4040087440382,2.294647588765236,3774
431,0.056666666666666664,1.7789473684210528,0.05,-156.6232493433346,471.9657372982666,2.400777047220562,3346
432,0.056666666666666664,1.931578947368421,0.05,-206.2223709071963,524.4778837595483,2.4749252739953502,3011
433,0.056666666666666664,2.0842105263157893,0.05,-147.30765289311,588.173331471136,2.5843575418994416,2685
434,0.056666666666666664,2.236842105263158,0.05,-222.40830146664098,644.6982077551021,2.6742857142857144,2450
435,0.056666666666666664,2.3894736842105266,0.05,-144.35669136027195,696.4749788359787,2.7001763668430336,2268
436,0.056666666666666664,2.542105263157895,0.05,-170.3936826775649,772.7766110567514,2.823385518590998,2044
437,0.056666666666666664,2.694736842105263,0.05,-166.89852077128987,850.2273299246501,2.9542518837459633,1858
438,0.056666666666666664,2.8473684210526318,0.05,-150.74957978452798,907.915606321839,2.9505747126436783,1740
439,0.056666666666666664,3.0,0.05,-138.79532135628617,962.1162551766139,3.009135200974421,1642
440,0.056666666666666664,0.1,0.125,141.55849406439884,47.38099046869799,1.1000332839117675,33049
441,0.056666666666666664,0.25263157894736843,0.125,104.96620487886106,68.14194517277305,1.2277305087688835,23036
442,0.056666666666666664,0.4052631578947369,0.125,57.662430908676804,94.3213501737984,1.3612609373127174,16686
443,0.056666666666666664,0.5578947368421052,0.125,48.97647405548419,123.42472174321995,1.479307101426556,12758
444,0.056666666666666664,0.7105263157894737,0.125,-10.15792287193731,157.14500169525328,1.6053051455923415,10028
445,0.056666666666666664,0.8631578947368421,0.125,-65.89783102461223,196.18266567164181,1.7370646766169153,8040
446,0.056666666666666664,1.0157894736842106,0.125,-121.77667206265949,236.48527537100887,1.8596912007195323,6671
447,0.056666666666666664,1.168421052631579,0.125,-99.87137297717994,285.24587181341525,1.9974688121497017,5531
448,0.056666666666666664,1.3210526315789475,0.125,-121.65697895494905,330.7207855795431,2.1041710333263466,4771
449,0.056666666666666664,1.473684210526316,0.125,-133.43447978804028,374.61111562203223,2.177350427350427,4212
450,0.056666666666666664,1.6263157894736844,0.125,-151.22198247481742,427.4977680216802,2.2913279132791327,3690
451,0.056666666666666664,1.7789473684210528,0.125,-262.800051292281,477.87262034514083,2.361186799878898,3303
452,0.056666666666666664,1.931578947368421,0.125,-138.57465685240834,543.0938170563961,2.481086657496561,2908
453,0.056666666666666664,2.0842105263157893,0.125,-162.56872058809353,608.6608689788054,2.5957610789980734,2595
454,0.056666666666666664,2.236842105263158,0.125,-116.92917858053538,668.1720355329949,2.6590524534686972,2364
455,0.056666666666666664,2.3894736842105266,0.125,-127.8156384848439,734.7004167441861,2.769767441860465,2150
456,0.056666666666666664,2.542105263157895,0.125,-130.94384690257553,798.6330561172903,2.8367037411526796,1978
457,0.056666666666666664,2.694736842105263,0.125,-161.71012801453304,861.7582825968358,2.948717948717949,1833
458,0.056666666666666664,2.8473684210526318,0.125,-156.62940485564434,916.2911792343388,2.97215777262181,1724
459,0.056666666666666664,3.0,0.125,-123.14170734939152,991.0937365119198,3.0043914680050188,1594
460,0.056666666666666664,0.1,0.2,125.40082467418065,51.405623168407914,1.1015835468821868,30438
461,0.056666666666666664,0.25263157894736843,0.2,70.84550969054712,73.58971887437374,1.2329447019712507,21357
462,0.056666666666666664,0.4052631578947369,0.2,40.94730414567,101.12638736422649,1.3590847740857381,15559
463,0.056666666666666664,0.5578947368421052,0.2,8.480043630803474,133.1390102299628,1.4893473114643219,11828
464,0.056666666666666664,0.7105263157894737,0.2,-44.97001329979937,168.37659861111112,1.6121794871794872,9360
465,0.056666666666666664,0.8631578947368421,0.2,-22.47104860715866,208.456921115222,1.7422040169133193,7568
466,0.056666666666666664,1.0157894736842106,0.2,-86.05081276806486,249.45381084928042,1.8359955717222838,6323
467,0.056666666666666664,1.168421052631579,0.2,-96.39122914656055,300.8537633937083,1.982650142993327,5245
468,0.056666666666666664,1.3210526315789475,0.2,-124.02665389482668,356.31912277138343,2.1229970661250284,4431
469,0.056666666666666664,1.473684210526316,0.2,-108.79582514754455,404.8714761538462,2.2025641025641027,3900
470,0.056666666666666664,1.6263157894736844,0.2,-103.62935292104319,454.6985722110118,2.2657826462957624,3469
471,0.056666666666666664,1.7789473684210528,0.2,-138.21218466716684,510.77008020698577,2.3703104786545923,3092
472,0.056666666666666664,1.931578947368421,0.2,-243.28191807944938,576.8442468955442,2.4959824689554417,2738
473,0.056666666666666664,2.0842105263157893,0.2,-253.9120549108549,637.4113567393059,2.5964487489911217,2478
474,0.056666666666666664,2.236842105263158,0.2,-221.7985793981221,699.8608635356668,2.6938413823659726,2257
475,0.056666666666666664,2.3894736842105266,0.2,-278.66083930436383,771.6988255984368,2.7821201758671226,2047
476,0.056666666666666664,2.542105263157895,0.2,-234.9480942693356,824.9194731070496,2.7848563968668407,1915
477,0.056666666666666664,2.694736842105263,0.2,-177.91826694640386,890.0114704225351,2.888450704225352,1775
478,0.056666666666666664,2.8473684210526318,0.2,-189.99579336469995,973.9961911220717,3.0098643649815044,1622
479,0.056666666666666664,3.0,0.2,-192.45920061208656,1029.2217635179154,3.093811074918567,1535
480,0.056666666666666664,0.1,0.27499999999999997,118.71601921132459,57.30640817968978,1.0978197249048873,27336
481,0.056666666666666664,0.25263157894736843,0.27499999999999997,65.11534049209732,83.96866289193953,1.228620266011431,18721
482,0.056666666666666664,0.4052631578947369,0.27499999999999997,39.83196060091853,115.19738196577445,1.3567354102676612,13674
483,0.056666666666666664,0.5578947368421052,0.27499999999999997,-20.983091205364794,151.31270054707744,1.48853056915251,10419
484,0.056666666666666664,0.7105263157894737,0.27499999999999997,-65.31788991210831,191.43837729204614,1.618822100789314,8235
485,0.056666666666666664,0.8631578947368421,0.27499999999999997,-132.02455043274801,236.17452147882057,1.7441999700643616,6681
486,0.056666666666666664,1.0157894736842106,0.27499999999999997,-141.69962922888578,284.7324457874797,1.8547717842323652,5543
487,0.056666666666666664,1.168421052631579,0.27499999999999997,-115.22728878454217,339.25719501182544,1.9920447215652548,4651
488,0.056666666666666664,1.3210526315789475,0.27499999999999997,-134.05058966883456,393.8286931137725,2.100798403193613,4008
489,0.056666666666666664,1.473684210526316,0.27499999999999997,-143.63010506207277,445.88193333333334,2.2067796610169492,3540
490,0.056666666666666664,1.6263157894736844,0.27499999999999997,-130.3823581475062,510.08543747980616,2.2940226171243943,3095
491,0.056666666666666664,1.7789473684210528,0.27499999999999997,-123.59202920407799,579.385987160675,2.404255319148936,2726
492,0.056666666666666664,1.931578947368421,0.27499999999999997,-135.65804288985186,655.1312774782248,2.5292409788469516,2411
493,0.056666666666666664,2.0842105263157893,0.27499999999999997,-138.68204592451528,727.9342976958525,2.615668202764977,2170
494,0.056666666666666664,2.236842105263158,0.27499999999999997,-95.99073374745024,805.5536297807241,2.706782253952065,1961
495,0.056666666666666664,2.3894736842105266,0.27499999999999997,-176.7214536904497,865.6140372602741,2.7983561643835615,1825
496,0.056666666666666664,2.542105263157895,0.27499999999999997,-205.73087425594295,953.4078231744116,2.903439951719976,1657
497,0.056666666666666664,2.694736842105263,0.27499999999999997,-198.52953147231574,1031.2327774151436,2.9582245430809397,1532
498,0.056666666666666664,2.8473684210526318,0.27499999999999997,-143.65589341066533,1105.5934415675297,3.0251924422673198,1429
499,0.056666666666666664,3.0,0.27499999999999997,-282.24772823182053,1164.2661790714812,3.1296978629329404,1357
500,0.056666666666666664,0.1,0.35,101.26221322723696,65.44913504943885,1.097834703158246,23969
501,0.056666666666666664,0.25263157894736843,0.35,64.32024020471599,99.6318664682791,1.2338862859313664,15794
502,0.056666666666666664,0.4052631578947369,0.35,35.60146041565978,138.9255725998413,1.3522877545622851,11343
503,0.056666666666666664,0.5578947368421052,0.35,29.375204254295166,185.0499602206055,1.4800516310725182,8522
504,0.056666666666666664,0.7105263157894737,0.35,41.82847051394691,234.70534096994945,1.5920856887831003,6722
505,0.056666666666666664,0.8631578947368421,0.35,-78.72580053908793,293.6621505116279,1.756279069767442,5375
506,0.056666666666666664,1.0157894736842106,0.35,-93.00749660275228,347.58492756494934,1.8615147512109202,4542
507,0.056666666666666664,1.168421052631579,0.35,-71.11885800133386,409.8004129249935,1.9815728004152608,3853
508,0.056666666666666664,1.3210526315789475,0.35,-32.038435210404444,485.004132063882,2.1016584766584767,3256
509,0.056666666666666664,1.473684210526316,0.35,-24.376867778537992,571.0093875632683,2.2263195950831527,2766
510,0.056666666666666664,1.6263157894736844,0.35,-61.13391747288823,636.3752087026592,2.317082997582595,2482
511,0.056666666666666664,1.7789473684210528,0.35,-80.46189628231127,706.1039807778275,2.4000894054537327,2237
512,0.056666666666666664,1.931578947368421,0.35,-126.06856683617107,783.5746636904761,2.5054563492063493,2016
513,0.056666666666666664,2.0842105263157893,0.35,-136.0340782841631,872.794002762431,2.6171270718232043,1810
514,0.056666666666666664,2.236842105263158,0.35,-169.59504764636702,948.8370648648647,2.7543543543543545,1665
515,0.056666666666666664,2.3894736842105266,0.35,-220.2544212793875,1047.6565994694959,2.8580901856763927,1508
516,0.056666666666666664,2.542105263157895,0.35,-264.1513121069402,1115.7401539548023,2.949858757062147,1416
517,0.056666666666666664,2.694736842105263,0.35,-223.6254889636586,1196.0024753974262,2.975018925056775,1321
518,0.056666666666666664,2.8473684210526318,0.35,-204.08995673424644,1265.973174679487,3.012019230769231,1248
519,0.056666666666666664,3.0,0.35,-228.47413176269825,1350.4028846153847,3.0683760683760686,1170
520,0.056666666666666664,0.1,0.425,90.02369421680937,75.86707007969089,1.096933107944941,20705
521,0.056666666666666664,0.25263157894736843,0.425,49.81526053314715,122.69812268933781,1.2232275173543405,12821
522,0.056666666666666664,0.4052631578947369,0.425,69.60490338135482,177.73001916572719,1.344532130777903,8870
523,0.056666666666666664,0.5578947368421052,0.425,39.61329449513863,231.26061345646443,1.4769862210495457,6822
524,0.056666666666666664,0.7105263157894737,0.425,34.60677476032609,303.1721064361191,1.5890489913544668,5205
525,0.056666666666666664,0.8631578947368421,0.425,7.254240444821682,390.60886834941846,1.7374412274189557,4041
526,0.056666666666666664,1.0157894736842106,0.425,-1.1333123767637663,478.76595300181924,1.8902365069739235,3298
527,0.056666666666666664,1.168421052631579,0.425,-8.227399077277996,563.3883421334285,2.0132001427042456,2803
528,0.056666666666666664,1.3210526315789475,0.425,19.00353398820407,643.1306274429968,2.082654723127036,2456
529,0.056666666666666664,1.473684210526316,0.425,121.86698401685155,715.7287222473947,2.1748980516538285,2207
530,0.056666666666666664,1.6263157894736844,0.425,71.60173913379442,815.1253720330237,2.2941176470588234,1938
531,0.056666666666666664,1.7789473684210528,0.425,66.7741566719427,900.6723477765108,2.3836944127708097,1754
532,0.056666666666666664,1.931578947368421,0.425,-1.7712530663236135,1005.6285747931254,2.4646721833227243,1571
533,0.056666666666666664,2.0842105263157893,0.425,-125.7424674722235,1083.59927914952,2.6165980795610424,1458
534,0.056666666666666664,2.236842105263158,0.425,-149.58193573131564,1175.5391592261903,2.7492559523809526,1344
535,0.056666666666666664,2.3894736842105266,0.425,-108.80356097654034,1288.7157960848288,2.792006525285481,1226
536,0.056666666666666664,2.542105263157895,0.425,-140.22995045720057,1381.1181486013986,2.8846153846153846,1144
537,0.056666666666666664,2.694736842105263,0.425,-97.28129708986035,1486.3783800564438,2.9322671683913453,1063
538,0.056666666666666664,2.8473684210526318,0.425,-24.854689661671394,1580.039445,3.038,1000
539,0.056666666666666664,3.0,0.425,-0.19652041396166808,1721.204571895425,3.111111111111111,918
540,0.056666666666666664,0.1,0.5,79.4564123369741,87.59722800267649,1.095962975354076,17934
541,0.056666666666666664,0.25263157894736843,0.5,70.47689820572103,157.28994029552715,1.2128594249201279,10016
542,0.056666666666666664,0.4052631578947369,0.5,35.448414155833085,230.8259078408426,1.3535693387946168,6836
543,0.056666666666666664,0.5578947368421052,0.5,21.28383714250733,315.15787499999993,1.4788338658146964,5008
544,0.056666666666666664,0.7105263157894737,0.5,29.542815043564715,425.32574488146554,1.6233836206896552,3712
545,0.056666666666666664,0.8631578947368421,0.5,-6.582027793578797,531.9408895250926,1.762546311889525,2969
546,0.056666666666666664,1.0157894736842106,0.5,13.46124164176556,675.0189978632479,1.8794871794871795,2340
547,0.056666666666666664,1.168421052631579,0.5,-20.60651288333742,782.7871174430129,2.045589692765114,2018
548,0.056666666666666664,1.3210526315789475,0.5,-39.00758129503129,882.9114745667971,2.1470095025153717,1789
549,0.056666666666666664,1.473684210526316,0.5,-22.711082553681848,993.4757930817611,2.208805031446541,1590
550,0.056666666666666664,1.6263157894736844,0.5,-39.779057243529024,1139.0746748377794,2.339581831290555,1387
551,0.056666666666666664,1.7789473684210528,0.5,-53.88207784470536,1254.918112787927,2.4400317712470216,1259
552,0.056666666666666664,1.931578947368421,0.5,-49.65764169452066,1381.0939204545452,2.479020979020979,1144
553,0.056666666666666664,2.0842105263157893,0.5,-21.61595089826911,1580.006562,2.57,1000
554,0.056666666666666664,2.236842105263158,0.5,-33.91551790181924,1721.193966230937,2.6481481481481484,918
555,0.056666666666666664,2.3894736842105266,0.5,-19.225978556771732,1775.272104494382,2.738202247191011,890
556,0.056666666666666664,2.542105263157895,0.5,34.61941634313572,1903.625930120482,2.846987951807229,830
557,0.056666666666666664,2.694736842105263,0.5,26.307420094272697,2005.1107335025379,2.8959390862944163,788
558,0.056666666666666664,2.8473684210526318,0.5,46.88567541304275,2231.8276581920904,2.903954802259887,708
559,0.056666666666666664,3.0,0.5,37.65691974859091,2354.8678643815197,2.9582712369597615,671
560,0.07222222222222222,0.1,0.05,105.09386469554175,68.10007067414266,1.097361672534446,23007
561,0.07222222222222222,0.25263157894736843,0.05,52.77244787234343,100.17527811821779,1.227626707519469,15666
562,0.07222222222222222,0.4052631578947369,0.05,39.044979864505436,139.1904997347949,1.35758486562942,11312
563,0.07222222222222222,0.5578947368421052,0.05,3.5213310218218683,187.34132363074727,1.4953071165498397,8417
564,0.07222222222222222,0.7105263157894737,0.05,-62.342847191844896,236.64838033033033,1.612912912912913,6660
565,0.07222222222222222,0.8631578947368421,0.05,-36.733971565504156,292.18980585402005,1.7243423490181549,5398
566,0.07222222222222222,1.0157894736842106,0.05,-124.81499443525321,357.0919655797102,1.8675271739130435,4416
567,0.07222222222222222,1.168421052631579,0.05,-166.7943258105627,428.28567805804175,1.979115812313534,3687
568,0.07222222222222222,1.3210526315789475,0.05,-140.06699243852148,500.95718813451776,2.094543147208122,3152
569,0.07222222222222222,1.473684210526316,0.05,-182.83380080233306,577.2406483918129,2.211988304093567,2736
570,0.07222222222222222,1.6263157894736844,0.05,-227.29515164084194,650.2056440049444,2.2834775442933664,2427
571,0.07222222222222222,1.7789473684210528,0.05,-130.7228741207135,741.2612369779446,2.376349131862975,2131
572,0.07222222222222222,1.931578947368421,0.05,-172.48094703880793,833.0769651715041,2.496042216358839,1895
573,0.07222222222222222,2.0842105263157893,0.05,-65.98631459532086,931.4236474056604,2.5524764150943398,1696
574,0.07222222222222222,2.236842105263158,0.05,-272.25084553856306,1009.148221086262,2.704153354632588,1565
575,0.07222222222222222,2.3894736842105266,0.05,-139.52985418523812,1105.1631833449967,2.713785864240728,1429
576,0.07222222222222222,2.542105263157895,0.05,-114.7142026186684,1173.7778580980685,2.8120356612184247,1346
577,0.07222222222222222,2.694736842105263,0.05,-288.44787826132637,1311.1792954356847,2.9369294605809126,1205
578,0.07222222222222222,2.8473684210526318,0.05,-172.18592348057695,1432.381014505893,3.0072529465095195,1103
579,0.07222222222222222,3.0,0.05,-385.1940331972874,1487.7590480225986,3.0875706214689265,1062
